Keyword,Cluster,Proposed destination,Release or review status,Editorial guidance
Tampa chiropractor,Tampa chiropractic,/,Implemented in full-site build,Homepage owns broad practice intent; chiropractic-care page explains the service.
tampa chiropractic,Tampa chiropractic,/,Implemented in full-site build,Homepage owns broad practice intent; chiropractic-care page explains the service.
tampa acupuncture,Acupuncture,/acupuncture/,Implemented in full-site build,Group close variants on one useful page; clinician review for medical claims.
acupuncture,Acupuncture,/acupuncture/,Implemented in full-site build,Group close variants on one useful page; clinician review for medical claims.
sports therapy,Sports chiropractic,/sports-chiropractic/,Implemented in full-site build,Group close variants on one useful page; clinician review for medical claims.
sports medicine,Sports chiropractic,/sports-chiropractic/,Implemented in full-site build,Cover relevant sports-care questions under verified chiropractic credentials; avoid implying an inaccurate professional title.
back pain chiropractor Tampa,Back pain,/back-pain/,Implemented in full-site build,Group close variants on one useful page; clinician review for medical claims.
chiropractor for back pain Tampa,Back pain,/back-pain/,Implemented in full-site build,Group close variants on one useful page; clinician review for medical claims.
lower back pain chiropractor Tampa,Back pain,/back-pain/,Implemented in full-site build,Group close variants on one useful page; clinician review for medical claims.
lower back pain relief Tampa,Back pain,/back-pain/,Implemented in full-site build,Group close variants on one useful page; clinician review for medical claims.
chiropractor for lower back pain,Back pain,/back-pain/,Implemented in full-site build,Group close variants on one useful page; clinician review for medical claims.
chronic back pain chiropractor Tampa,Back pain,/back-pain/,Implemented in full-site build,Group close variants on one useful page; clinician review for medical claims.
upper back pain chiropractor Tampa,Back pain,/back-pain/,Implemented in full-site build,Group close variants on one useful page; clinician review for medical claims.
middle back pain chiropractor Tampa,Back pain,/back-pain/,Implemented in full-site build,Group close variants on one useful page; clinician review for medical claims.
back pain treatment Tampa,Back pain,/back-pain/,Implemented in full-site build,Group close variants on one useful page; clinician review for medical claims.
sciatica chiropractor Tampa,Sciatica,/sciatica/,Implemented in full-site build,Group close variants on one useful page; clinician review for medical claims.
chiropractor for sciatica Tampa,Sciatica,/sciatica/,Implemented in full-site build,Group close variants on one useful page; clinician review for medical claims.
sciatica treatment Tampa,Sciatica,/sciatica/,Implemented in full-site build,Group close variants on one useful page; clinician review for medical claims.
chiropractor for sciatic nerve pain,Sciatica,/sciatica/,Implemented in full-site build,Group close variants on one useful page; clinician review for medical claims.
sciatic nerve pain chiropractor,Sciatica,/sciatica/,Implemented in full-site build,Group close variants on one useful page; clinician review for medical claims.
sciatica relief Tampa,Sciatica,/sciatica/,Implemented in full-site build,Group close variants on one useful page; clinician review for medical claims.
chiropractor for herniated disc Tampa,Disc concerns,/cox-spinal-decompression/,Covered cautiously on decompression page; no standalone page,Group close variants on one useful page; clinician review for medical claims.
herniated disc chiropractor Tampa,Disc concerns,/cox-spinal-decompression/,Covered cautiously on decompression page; no standalone page,Group close variants on one useful page; clinician review for medical claims.
pinched nerve chiropractor Tampa,Back pain,/back-pain/,Implemented in full-site build,Group close variants on one useful page; clinician review for medical claims.
neck pain chiropractor Tampa,Neck,/neck-pain/,Implemented in full-site build,Group close variants on one useful page; clinician review for medical claims.
chiropractor for neck pain Tampa,Neck,/neck-pain/,Implemented in full-site build,Group close variants on one useful page; clinician review for medical claims.
neck pain treatment Tampa,Neck,/neck-pain/,Implemented in full-site build,Group close variants on one useful page; clinician review for medical claims.
stiff neck chiropractor Tampa,Neck,/neck-pain/,Implemented in full-site build,Group close variants on one useful page; clinician review for medical claims.
chronic neck pain chiropractor,Neck,/neck-pain/,Implemented in full-site build,Group close variants on one useful page; clinician review for medical claims.
pinched nerve neck chiropractor,Neck,/neck-pain/,Implemented in full-site build,Group close variants on one useful page; clinician review for medical claims.
cervical chiropractor Tampa,Neck,/neck-pain/,Implemented in full-site build,Group close variants on one useful page; clinician review for medical claims.
headache and neck pain chiropractor,Neck,/neck-pain/,Implemented in full-site build,Group close variants on one useful page; clinician review for medical claims.
auto accident chiropractor Tampa,Auto injuries,/auto-accident-chiropractor/,Confirm service and intake,Legacy educational articles do not establish current availability of an auto-injury service.
car accident chiropractor Tampa,Auto injuries,/auto-accident-chiropractor/,Confirm service and intake,Legacy educational articles do not establish current availability of an auto-injury service.
chiropractor after car accident Tampa,Auto injuries,/auto-accident-chiropractor/,Confirm service and intake,Legacy educational articles do not establish current availability of an auto-injury service.
accident chiropractor near me,Auto injuries,/auto-accident-chiropractor/,Confirm service and intake,Legacy educational articles do not establish current availability of an auto-injury service.
whiplash chiropractor Tampa,Auto injuries,/auto-accident-chiropractor/,Confirm service and intake,Legacy educational articles do not establish current availability of an auto-injury service.
whiplash treatment Tampa,Auto injuries,/auto-accident-chiropractor/,Confirm service and intake,Legacy educational articles do not establish current availability of an auto-injury service.
auto injury chiropractor Tampa,Auto injuries,/auto-accident-chiropractor/,Confirm service and intake,Legacy educational articles do not establish current availability of an auto-injury service.
car accident neck pain chiropractor,Auto injuries,/auto-accident-chiropractor/,Confirm service and intake,Legacy educational articles do not establish current availability of an auto-injury service.
chiropractor for accident injuries,Auto injuries,/auto-accident-chiropractor/,Confirm service and intake,Legacy educational articles do not establish current availability of an auto-injury service.
sports chiropractor Tampa,Sports chiropractic,/sports-chiropractic/,Implemented in full-site build,Group close variants on one useful page; clinician review for medical claims.
sports chiropractor near me,Sports chiropractic,/sports-chiropractic/,Implemented in full-site build,Group close variants on one useful page; clinician review for medical claims.
chiropractor for athletes Tampa,Sports chiropractic,/sports-chiropractic/,Implemented in full-site build,Group close variants on one useful page; clinician review for medical claims.
sports injury chiropractor Tampa,Sports chiropractic,/sports-chiropractic/,Implemented in full-site build,Group close variants on one useful page; clinician review for medical claims.
chiropractor for runners Tampa,Sports chiropractic,/sports-chiropractic/,Implemented in full-site build,Group close variants on one useful page; clinician review for medical claims.
chiropractor for golfers Tampa,Sports chiropractic,/sports-chiropractic/,Implemented in full-site build,Group close variants on one useful page; clinician review for medical claims.
chiropractor for CrossFit Tampa,Sports chiropractic,/sports-chiropractic/,Implemented in full-site build,Group close variants on one useful page; clinician review for medical claims.
chiropractor for active adults,Sports chiropractic,/sports-chiropractic/,Implemented in full-site build,Group close variants on one useful page; clinician review for medical claims.
chiropractor for workout injuries,Sports chiropractic,/sports-chiropractic/,Implemented in full-site build,Group close variants on one useful page; clinician review for medical claims.
chiropractor for muscle pain Tampa,Sports chiropractic,/sports-chiropractic/,Implemented in full-site build,Group close variants on one useful page; clinician review for medical claims.
chiropractor Town n Country,Neighborhood,/contact/,Implemented in full-site build,Use accurate service-area information; separate neighborhood pages only with unique local value. No invented office locations.
chiropractor Town and Country Tampa,Neighborhood,/contact/,Implemented in full-site build,Use accurate service-area information; separate neighborhood pages only with unique local value. No invented office locations.
chiropractor near Town n Country,Neighborhood,/contact/,Implemented in full-site build,Use accurate service-area information; separate neighborhood pages only with unique local value. No invented office locations.
back pain chiropractor Town n Country,Neighborhood,/contact/,Implemented in full-site build,Use accurate service-area information; separate neighborhood pages only with unique local value. No invented office locations.
chiropractor Westchase,Neighborhood,/contact/,Implemented in full-site build,Use accurate service-area information; separate neighborhood pages only with unique local value. No invented office locations.
chiropractor near Westchase,Neighborhood,/contact/,Implemented in full-site build,Use accurate service-area information; separate neighborhood pages only with unique local value. No invented office locations.
Westchase chiropractor,Neighborhood,/contact/,Implemented in full-site build,Use accurate service-area information; separate neighborhood pages only with unique local value. No invented office locations.
back pain chiropractor Westchase,Neighborhood,/contact/,Implemented in full-site build,Use accurate service-area information; separate neighborhood pages only with unique local value. No invented office locations.
chiropractor Carrollwood,Neighborhood,/contact/,Implemented in full-site build,Use accurate service-area information; separate neighborhood pages only with unique local value. No invented office locations.
Carrollwood chiropractor,Neighborhood,/contact/,Implemented in full-site build,Use accurate service-area information; separate neighborhood pages only with unique local value. No invented office locations.
chiropractor near Carrollwood,Neighborhood,/contact/,Implemented in full-site build,Use accurate service-area information; separate neighborhood pages only with unique local value. No invented office locations.
back pain chiropractor Carrollwood,Neighborhood,/contact/,Implemented in full-site build,Use accurate service-area information; separate neighborhood pages only with unique local value. No invented office locations.
chiropractor Citrus Park,Neighborhood,/contact/,Implemented in full-site build,Use accurate service-area information; separate neighborhood pages only with unique local value. No invented office locations.
Citrus Park chiropractor,Neighborhood,/contact/,Implemented in full-site build,Use accurate service-area information; separate neighborhood pages only with unique local value. No invented office locations.
chiropractor near Citrus Park,Neighborhood,/contact/,Implemented in full-site build,Use accurate service-area information; separate neighborhood pages only with unique local value. No invented office locations.
torn meniscus treatment without surgery,Knee and arthritis,/knee-pain/,Confirm scope and clinical content,Explain appropriate conservative options and referral; do not promise tissue repair or avoidance of surgery.
rotator cuff treatment without surgery,Shoulder,/shoulder-pain/,Confirm scope and clinical content,Educational options and referral content; no promise to heal a tear without surgery.
herniated disc treatment without surgery,Disc concerns,/cox-spinal-decompression/,Covered cautiously on decompression page; no standalone page,Group close variants on one useful page; clinician review for medical claims.
arthritis knee treatment without surgery,Knee and arthritis,/knee-pain/,Confirm scope and clinical content,Explain appropriate conservative options and referral; do not promise tissue repair or avoidance of surgery.
sciatica treatment without surgery,Sciatica,/sciatica/,Implemented in full-site build,Group close variants on one useful page; clinician review for medical claims.
back pain treatment without surgery,Back pain,/back-pain/,Implemented in full-site build,Group close variants on one useful page; clinician review for medical claims.
bone-on-bone knee pain treatment without surgery,Knee and arthritis,/knee-pain/,Confirm scope and clinical content,Explain appropriate conservative options and referral; do not promise tissue repair or avoidance of surgery.
shoulder pain treatment without surgery,Shoulder,/shoulder-pain/,Implemented in full-site build,Group close variants on one useful page; clinician review for medical claims.
non surgical orthopedics Tampa,Conservative care,/conservative-pain-care/,Positioning and scope review,Candidate overview only; do not portray the business as an orthopedic medical practice or promise surgery alternatives.
non surgical orthopedic Tampa,Conservative care,/conservative-pain-care/,Positioning and scope review,Candidate overview only; do not portray the business as an orthopedic medical practice or promise surgery alternatives.
non surgical orthopedic care Tampa,Conservative care,/conservative-pain-care/,Positioning and scope review,Candidate overview only; do not portray the business as an orthopedic medical practice or promise surgery alternatives.
non surgical back pain treatment Tampa,Back pain,/back-pain/,Implemented in full-site build,Group close variants on one useful page; clinician review for medical claims.
conservative back pain treatment Tampa,Back pain,/back-pain/,Implemented in full-site build,Group close variants on one useful page; clinician review for medical claims.
non surgical spine care Tampa,Back pain,/back-pain/,Implemented in full-site build,Group close variants on one useful page; clinician review for medical claims.
non surgical knee pain treatment Tampa,Knee and arthritis,/knee-pain/,Implemented in full-site build,Group close variants on one useful page; clinician review for medical claims.
knee pain treatment without surgery Tampa,Knee and arthritis,/knee-pain/,Implemented in full-site build,Group close variants on one useful page; clinician review for medical claims.
conservative knee treatment Tampa,Knee and arthritis,/knee-pain/,Implemented in full-site build,Group close variants on one useful page; clinician review for medical claims.
non surgical shoulder pain treatment Tampa,Shoulder,/shoulder-pain/,Implemented in full-site build,Group close variants on one useful page; clinician review for medical claims.
shoulder pain treatment without surgery Tampa,Shoulder,/shoulder-pain/,Implemented in full-site build,Group close variants on one useful page; clinician review for medical claims.
non surgical hip pain treatment Tampa,Hip,/hip-pain/,Confirm service scope,Group close variants on one useful page; clinician review for medical claims.
hip pain treatment without surgery Tampa,Hip,/hip-pain/,Confirm service scope,Group close variants on one useful page; clinician review for medical claims.
non surgical arthritis treatment Tampa,Knee and arthritis,/knee-pain/,Confirm scope and clinical content,Explain appropriate conservative options and referral; do not promise tissue repair or avoidance of surgery.
knee arthritis treatment without surgery Tampa,Knee and arthritis,/knee-pain/,Confirm scope and clinical content,Explain appropriate conservative options and referral; do not promise tissue repair or avoidance of surgery.
non surgical sports injury treatment Tampa,Sports chiropractic,/sports-chiropractic/,Implemented in full-site build,Group close variants on one useful page; clinician review for medical claims.
sports injury treatment Tampa,Sports chiropractic,/sports-chiropractic/,Implemented in full-site build,Group close variants on one useful page; clinician review for medical claims.
joint pain treatment Tampa,Joint pain,/joint-pain/,Implemented in full-site build,Group close variants on one useful page; clinician review for medical claims.
non surgical joint pain treatment Tampa,Joint pain,/joint-pain/,Implemented in full-site build,Group close variants on one useful page; clinician review for medical claims.
herniated disc treatment without surgery Tampa,Disc concerns,/cox-spinal-decompression/,Covered cautiously on decompression page; no standalone page,Group close variants on one useful page; clinician review for medical claims.
non surgical herniated disc treatment Tampa,Disc concerns,/cox-spinal-decompression/,Covered cautiously on decompression page; no standalone page,Group close variants on one useful page; clinician review for medical claims.
sciatica treatment without surgery Tampa,Sciatica,/sciatica/,Implemented in full-site build,Group close variants on one useful page; clinician review for medical claims.
non surgical sciatica treatment Tampa,Sciatica,/sciatica/,Implemented in full-site build,Group close variants on one useful page; clinician review for medical claims.
acupuncture Tampa,Acupuncture,/acupuncture/,Implemented in full-site build,Group close variants on one useful page; clinician review for medical claims.
acupuncturist Tampa,Acupuncture,/acupuncture/,Implemented in full-site build,Group close variants on one useful page; clinician review for medical claims.
acupuncture near me,Acupuncture,/acupuncture/,Implemented in full-site build,Group close variants on one useful page; clinician review for medical claims.
best acupuncture Tampa,Acupuncture,/acupuncture/,Implemented in full-site build,Address comparison intent with accurate credentials and verified reviews; no unsupported best claim.
acupuncture clinic Tampa,Acupuncture,/acupuncture/,Implemented in full-site build,Group close variants on one useful page; clinician review for medical claims.
acupuncture treatment Tampa,Acupuncture,/acupuncture/,Implemented in full-site build,Group close variants on one useful page; clinician review for medical claims.
acupuncture for pain Tampa,Acupuncture,/acupuncture/,Implemented in full-site build,Group close variants on one useful page; clinician review for medical claims.
Condition + treatment,Tampa chiropractic,/,Implemented in full-site build,Homepage owns broad practice intent; chiropractic-care page explains the service.
pain relief acupuncture Tampa,Acupuncture,/acupuncture/,Implemented in full-site build,Group close variants on one useful page; clinician review for medical claims.
acupuncture for back pain Tampa,Acupuncture,/acupuncture/,Implemented in full-site build,Answer as a condition-related section only after confirming actual acupuncture services and reviewing claims.
acupuncture for neck pain Tampa,Acupuncture,/acupuncture/,Implemented in full-site build,Answer as a condition-related section only after confirming actual acupuncture services and reviewing claims.
acupuncture for lower back pain,Acupuncture,/acupuncture/,Implemented in full-site build,Answer as a condition-related section only after confirming actual acupuncture services and reviewing claims.
acupuncture for shoulder pain Tampa,Acupuncture,/acupuncture/,Implemented in full-site build,Answer as a condition-related section only after confirming actual acupuncture services and reviewing claims.
acupuncture for hip pain Tampa,Acupuncture,/acupuncture/,Implemented in full-site build,Answer as a condition-related section only after confirming actual acupuncture services and reviewing claims.
acupuncture for knee pain Tampa,Acupuncture,/acupuncture/,Implemented in full-site build,Answer as a condition-related section only after confirming actual acupuncture services and reviewing claims.
acupuncture for joint pain Tampa,Acupuncture,/acupuncture/,Implemented in full-site build,Answer as a condition-related section only after confirming actual acupuncture services and reviewing claims.
acupuncture for chronic pain Tampa,Acupuncture,/acupuncture/,Implemented in full-site build,Answer as a condition-related section only after confirming actual acupuncture services and reviewing claims.
acupuncture for muscle pain Tampa,Acupuncture,/acupuncture/,Implemented in full-site build,Answer as a condition-related section only after confirming actual acupuncture services and reviewing claims.
acupuncture for migraines Tampa,Acupuncture,/acupuncture/,Confirm scope and evidence,Candidate section on the main acupuncture page; no standalone page until distinct content is justified.
acupuncture for headaches Tampa,Acupuncture,/acupuncture/,Confirm scope and evidence,Candidate section on the main acupuncture page; no standalone page until distinct content is justified.
migraine acupuncture Tampa,Acupuncture,/acupuncture/,Confirm scope and evidence,Candidate section on the main acupuncture page; no standalone page until distinct content is justified.
headache acupuncture Tampa,Acupuncture,/acupuncture/,Confirm scope and evidence,Candidate section on the main acupuncture page; no standalone page until distinct content is justified.
acupuncture for tension headaches,Acupuncture,/acupuncture/,Confirm scope and evidence,Candidate section on the main acupuncture page; no standalone page until distinct content is justified.
acupuncture for sports injuries Tampa,Acupuncture,/acupuncture/,Implemented in full-site build,Answer as a condition-related section only after confirming actual acupuncture services and reviewing claims.
sports acupuncture Tampa,Acupuncture,/acupuncture/,Implemented in full-site build,Answer as a condition-related section only after confirming actual acupuncture services and reviewing claims.
acupuncture for muscle recovery,Acupuncture,/acupuncture/,Confirm scope and evidence,Candidate section on the main acupuncture page; no standalone page until distinct content is justified.
acupuncture for athletic recovery,Acupuncture,/acupuncture/,Confirm scope and evidence,Candidate section on the main acupuncture page; no standalone page until distinct content is justified.
acupuncture for injury recovery Tampa,Acupuncture,/acupuncture/,Confirm scope and evidence,Candidate section on the main acupuncture page; no standalone page until distinct content is justified.
acupuncture for stress Tampa,Acupuncture,/acupuncture/,Confirm scope and evidence,Candidate section on the main acupuncture page; no standalone page until distinct content is justified.
acupuncture for anxiety Tampa,Acupuncture,/acupuncture/,Confirm scope and evidence,Candidate section on the main acupuncture page; no standalone page until distinct content is justified.
acupuncture for sleep Tampa,Acupuncture,/acupuncture/,Confirm scope and evidence,Candidate section on the main acupuncture page; no standalone page until distinct content is justified.
acupuncture for insomnia Tampa,Acupuncture,/acupuncture/,Confirm scope and evidence,Candidate section on the main acupuncture page; no standalone page until distinct content is justified.
acupuncture for relaxation Tampa,Acupuncture,/acupuncture/,Confirm scope and evidence,Candidate section on the main acupuncture page; no standalone page until distinct content is justified.
back adjustment Tampa,Back pain,/back-pain/,Implemented in full-site build,Cover in a relevant care-options section; explain suitability rather than promising a specific treatment.
neck adjustment Tampa,Neck,/neck-pain/,Implemented in full-site build,Cover in a relevant care-options section; explain suitability rather than promising a specific treatment.
